[{"id":1,"name":"Flossy Arch","email":"farch0@myspace.com","phone":"839-641-6914","address":"50041 Ilene Center"},
{"id":2,"name":"Janela Pencott","email":"jpencott1@wordpress.com","phone":"946-572-9280","address":"30 Continental Plaza"},
{"id":3,"name":"Peadar Paoloni","email":"ppaoloni2@xrea.com","phone":"210-113-1888","address":"63 Algoma Way"},
{"id":4,"name":"Laural Vlasov","email":"lvlasov3@360.cn","phone":"848-518-6851","address":"21 Toban Pass"},
{"id":5,"name":"Judah Brader","email":"jbrader4@tmall.com","phone":"473-721-8095","address":"08130 Birchwood Road"},
{"id":6,"name":"Marnia Hatfield","email":"mhatfield5@upenn.edu","phone":"528-178-5018","address":"898 Ronald Regan Junction"},
{"id":7,"name":"Jory Pottage","email":"jpottage6@so-net.ne.jp","phone":"880-468-8938","address":"461 Moulton Point"},
{"id":8,"name":"Cordula Ericssen","email":"cericssen7@irs.gov","phone":"524-233-9133","address":"3 Harper Crossing"},
{"id":9,"name":"Davide Egalton","email":"degalton8@cnbc.com","phone":"936-907-8706","address":"369 Talmadge Pass"},
{"id":10,"name":"Barth Bourgaize","email":"bbourgaize9@sun.com","phone":"919-859-7211","address":"4822 Caliangt Plaza"},
{"id":11,"name":"Daren Grzelak","email":"dgrzelaka@topsy.com","phone":"905-164-4409","address":"03 Toban Junction"},
{"id":12,"name":"Cort Whiff","email":"cwhiffb@tinyurl.com","phone":"240-657-4330","address":"50050 Moose Pass"},
{"id":13,"name":"Sophie Figiovanni","email":"sfigiovannic@barnesandnoble.com","phone":"976-554-5924","address":"6277 Green Trail"},
{"id":14,"name":"Sonny Scrancher","email":"sscrancherd@cloudflare.com","phone":"489-115-5800","address":"1057 Buell Crossing"},
{"id":15,"name":"Algernon Eales","email":"aealese@sina.com.cn","phone":"435-668-8892","address":"990 Green Ridge Road"},
{"id":16,"name":"Cicily Marven","email":"cmarvenf@google.co.jp","phone":"280-718-4670","address":"768 Atwood Court"},
{"id":17,"name":"Nealson Allberry","email":"nallberryg@sina.com.cn","phone":"388-971-8742","address":"21825 Northview Way"},
{"id":18,"name":"Muffin Pentony","email":"mpentonyh@loc.gov","phone":"400-142-6170","address":"990 Novick Circle"},
{"id":19,"name":"Madalyn Oakton","email":"moaktoni@google.co.jp","phone":"756-574-0167","address":"366 Tennyson Trail"},
{"id":20,"name":"Rourke Radeliffe","email":"rradeliffej@ft.com","phone":"955-437-9771","address":"6121 7th Place"},
{"id":21,"name":"Giorgio Stuckey","email":"gstuckeyk@ebay.com","phone":"878-905-7805","address":"35 La Follette Drive"},
{"id":22,"name":"Jackie Hardman","email":"jhardmanl@rakuten.co.jp","phone":"324-684-0616","address":"37 Corscot Plaza"},
{"id":23,"name":"Carly Brompton","email":"cbromptonm@intel.com","phone":"123-497-8898","address":"81975 Glendale Park"},
{"id":24,"name":"Dinah McGrory","email":"dmcgroryn@guardian.co.uk","phone":"841-842-0388","address":"0473 Karstens Alley"},
{"id":25,"name":"Nichol Peartree","email":"npeartreeo@cbsnews.com","phone":"990-735-7302","address":"84 Grim Parkway"},
{"id":26,"name":"Ilka Whyley","email":"iwhyleyp@netvibes.com","phone":"654-301-8766","address":"28872 Colorado Court"},
{"id":27,"name":"Waylin Uphill","email":"wuphillq@msn.com","phone":"523-501-0710","address":"3 Fulton Hill"},
{"id":28,"name":"Lita Reid","email":"lreidr@wix.com","phone":"639-541-7031","address":"5 Charing Cross Pass"},
{"id":29,"name":"Axel Kadd","email":"akadds@w3.org","phone":"856-785-1174","address":"62 Mifflin Trail"},
{"id":30,"name":"Walliw Splevins","email":"wsplevinst@cam.ac.uk","phone":"555-652-7004","address":"7561 Mallory Place"},
{"id":31,"name":"Fredia Taffe","email":"ftaffeu@bbc.co.uk","phone":"800-910-0501","address":"1 Dapin Hill"},
{"id":32,"name":"Talyah Innwood","email":"tinnwoodv@clickbank.net","phone":"953-402-6420","address":"9636 Moose Center"},
{"id":33,"name":"Sybilla Chavez","email":"schavezw@goo.ne.jp","phone":"631-616-4341","address":"78605 Swallow Way"},
{"id":34,"name":"Lenci Green","email":"lgreenx@goodreads.com","phone":"518-521-2513","address":"0684 Texas Street"},
{"id":35,"name":"Royal Glyssanne","email":"rglyssanney@wiley.com","phone":"453-598-9863","address":"8 Bluejay Park"},
{"id":36,"name":"Gayler Hartington","email":"ghartingtonz@fda.gov","phone":"342-754-3223","address":"33 Fordem Hill"},
{"id":37,"name":"Sabina Swett","email":"sswett10@businessinsider.com","phone":"226-250-9853","address":"0 Gulseth Park"},
{"id":38,"name":"Merrill Hassekl","email":"mhassekl11@nhs.uk","phone":"841-624-0812","address":"8 Orin Crossing"},
{"id":39,"name":"Diego Mulbery","email":"dmulbery12@umn.edu","phone":"179-865-0203","address":"1 Mayfield Avenue"},
{"id":40,"name":"Britt Fido","email":"bfido13@de.vu","phone":"303-873-5917","address":"81319 Northland Crossing"},
{"id":41,"name":"Karie Pocknoll","email":"kpocknoll14@google.co.jp","phone":"959-758-8902","address":"8468 Bowman Road"},
{"id":42,"name":"Vanni Chiese","email":"vchiese15@dailymail.co.uk","phone":"729-597-3293","address":"53972 Utah Parkway"},
{"id":43,"name":"Stacey Whatley","email":"swhatley16@jalbum.net","phone":"838-598-3099","address":"15355 Derek Trail"},
{"id":44,"name":"Tabor Henzer","email":"thenzer17@reverbnation.com","phone":"287-793-6283","address":"7 Grayhawk Road"},
{"id":45,"name":"Reinhold Moutray Read","email":"rmoutray18@reverbnation.com","phone":"709-215-9583","address":"8256 Farwell Drive"},
{"id":46,"name":"Stanfield Cayley","email":"scayley19@wsj.com","phone":"342-513-3770","address":"219 Tennessee Lane"},
{"id":47,"name":"Blanche Lambe","email":"blambe1a@google.com.au","phone":"147-788-5111","address":"231 Badeau Pass"},
{"id":48,"name":"Elisabetta MacPadene","email":"emacpadene1b@creativecommons.org","phone":"490-742-5261","address":"3 Beilfuss Drive"},
{"id":49,"name":"Eugen Ruit","email":"eruit1c@weebly.com","phone":"987-973-1613","address":"46033 Sheridan Avenue"},
{"id":50,"name":"Elyn Kaines","email":"ekaines1d@hubpages.com","phone":"458-859-7765","address":"09 Coolidge Place"}]